node_id,side,target,node_start_ts,node_end_ts,node_duration_s,observations,initial_spot,final_spot,max_reload_count,max_defense_count,max_reload_ratio,max_failure_risk,max_exhaustion_score,depletion_count,reload_events,defense_events,clearance_events,accepted,cleared,node_exhaustion_ts,acceptance_ts,clearance_ts,regime_sequence,next_target_observed,path_link_prev,path_seq,path_id,node_start_ts_IST,node_end_ts_IST,node_exhaustion_ts_IST,acceptance_ts_IST,clearance_ts_IST
LONG_1,LONG,24295.0,1787209200.36,1787210260.146,1059.7860000133514,2106,24284.1,24317.4,11,1430,1.4230769230769231,92.2,60.5,63,53,4,2,True,True,1787210250.714,1787209800.612,1787209214.358,FORMING > DEPLETING > RELOADING > FORMING > DEFENDING > FORMING > DEFENDING > FORMING > CLEARING > ACCEPTED,24320.0,False,1,LONG_P1,2026-08-20 12:30:00.359,2026-08-20 12:47:40.145,2026-08-20 12:47:30.713,2026-08-20 12:40:00.611,2026-08-20 12:30:14.358
SHORT_1,SHORT,24270.0,1787209200.36,1787209725.114,524.7540001869202,1045,24284.1,24287.6,31,300,1.2777777777777777,59.7,0.0,46,39,3,1,False,True,,,1787209261.112,FORMING > DEPLETING > RELOADING > DEPLETING > RELOADING > DEFENDING > DEPLETING > RELOADING > DEFENDING > DEPLETING > RELOADING > DEFENDING > DEPLETING > RELOADING > DEFENDING > DEPLETING > DEFENDING > RELOADING > DEPLETING > DEFENDING > DEPLETING > RELOADING > CLEARING,,False,2,SHORT_P2,2026-08-20 12:30:00.359,2026-08-20 12:38:45.114,,,2026-08-20 12:31:01.111
SHORT_2,SHORT,24285.0,1787209725.613,1787210260.146,534.5329999923706,1061,24288.2,24317.4,18,705,3.5416666666666665,62.2,0.0,17,14,1,1,False,True,,,1787209731.119,FORMING > DEPLETING > DEFENDING > CLEARING,24280.0,False,3,SHORT_P3,2026-08-20 12:38:45.612,2026-08-20 12:47:40.145,,,2026-08-20 12:38:51.118
LONG_2,LONG,24320.0,1787210260.221,1787210312.622,52.401000022888184,104,24317.85,24327.95,1,72,1.0,66.4,47.0,3,0,1,2,True,True,,1787210281.121,1787210264.133,FORMING > DEPLETING > DEFENDING > CLEARING > ACCEPTED,24330.0,True,1,LONG_P1,2026-08-20 12:47:40.220,2026-08-20 12:48:32.621,,2026-08-20 12:48:01.121,2026-08-20 12:47:44.132
SHORT_3,SHORT,24305.0,1787210260.221,1787210260.221,0.0,1,24317.85,24317.85,0,0,0.0,0.0,0.0,0,0,0,0,False,False,,,,FORMING,,False,4,SHORT_P4,2026-08-20 12:47:40.220,2026-08-20 12:47:40.220,,,
SHORT_4,SHORT,24290.0,1787210261.144,1787210261.144,0.0,1,24315.7,24315.7,0,0,0.0,10.0,0.0,0,0,0,0,False,False,,,,FORMING,24285.0,True,4,SHORT_P4,2026-08-20 12:47:41.144,2026-08-20 12:47:41.144,,,
SHORT_5,SHORT,24305.0,1787210261.209,1787210262.134,0.9249999523162842,3,24316.75,24316.8,0,0,0.0,0.0,0.0,1,0,1,0,False,False,,,,DEPLETING > FORMING > DEFENDING,,False,5,SHORT_P5,2026-08-20 12:47:41.209,2026-08-20 12:47:42.134,,,
SHORT_6,SHORT,24290.0,1787210262.645,1787210262.645,0.0,1,24315.85,24315.85,0,0,0.0,10.0,0.0,0,0,0,0,False,False,,,,FORMING,24285.0,True,5,SHORT_P5,2026-08-20 12:47:42.644,2026-08-20 12:47:42.644,,,
SHORT_7,SHORT,24305.0,1787210263.138,1787210263.138,0.0,1,24314.1,24314.1,0,0,0.0,0.0,0.0,0,0,0,0,False,False,,,,FORMING,,False,6,SHORT_P6,2026-08-20 12:47:43.138,2026-08-20 12:47:43.138,,,
SHORT_8,SHORT,24290.0,1787210263.643,1787210273.124,9.481000185012817,19,24316.45,24316.35,0,0,0.0,11.7,0.0,0,0,0,1,False,False,,,,FORMING > CLEARING > FORMING,24285.0,True,6,SHORT_P6,2026-08-20 12:47:43.642,2026-08-20 12:47:53.124,,,
SHORT_9,SHORT,24305.0,1787210273.639,1787210274.138,0.49900007247924805,2,24319.75,24317.3,0,0,0.0,0.0,0.0,1,0,0,0,False,False,,,,FORMING > DEPLETING,,False,7,SHORT_P7,2026-08-20 12:47:53.638,2026-08-20 12:47:54.138,,,
SHORT_10,SHORT,24290.0,1787210274.622,1787210278.121,3.499000072479248,8,24317.45,24321.9,0,0,0.0,4.9,0.0,1,0,0,0,False,False,,,,FORMING > DEPLETING > FORMING,24285.0,True,7,SHORT_P7,2026-08-20 12:47:54.621,2026-08-20 12:47:58.121,,,
SHORT_11,SHORT,24315.0,1787210278.624,1787210431.372,152.74799990653992,302,24321.4,24338.8,1,10,0.9879032258064516,52.2,0.0,18,14,2,2,False,True,,,1787210287.124,FORMING > CLEARING,,False,8,SHORT_P8,2026-08-20 12:47:58.624,2026-08-20 12:50:31.371,,,2026-08-20 12:48:07.124
LONG_3,LONG,24330.0,1787210313.138,1787210429.392,116.25399994850159,230,24328.5,24340.5,22,174,7.0,92.2,82.9,18,14,2,1,True,True,1787210410.872,1787210319.121,1787210318.621,FORMING > DEPLETING > DEFENDING > CLEARING > ACCEPTED,24345.0,True,1,LONG_P1,2026-08-20 12:48:33.138,2026-08-20 12:50:29.391,2026-08-20 12:50:10.871,2026-08-20 12:48:39.121,2026-08-20 12:48:38.621
LONG_4,LONG,24345.0,1787210429.871,1787211299.625,869.7539999485016,1728,24340.25,24331.25,57,858,3.976470588235294,98.1,80.2,17,13,5,4,True,True,1787210504.871,1787210464.87,1787210435.37,FORMING > DEPLETING > DEFENDING > CLEARING > ACCEPTED,24350.0,True,1,LONG_P1,2026-08-20 12:50:29.871,2026-08-20 13:04:59.625,2026-08-20 12:51:44.871,2026-08-20 12:51:04.869,2026-08-20 12:50:35.369
SHORT_12,SHORT,24330.0,1787210431.87,1787210509.871,78.00100016593933,155,24339.2,24349.7,3,17,1.154639175257732,35.6,0.0,13,10,5,2,False,True,,,1787210448.37,FORMING > DEPLETING > DEFENDING > FORMING > CLEARING > DEFENDING > RELOADING > FORMING > DEPLETING > FORMING > RELOADING > DEPLETING > DEFENDING > DEPLETING > RELOADING > DEFENDING > CLEARING,24325.0,False,9,SHORT_P9,2026-08-20 12:50:31.869,2026-08-20 12:51:49.871,,,2026-08-20 12:50:48.369
SHORT_13,SHORT,24345.0,1787210510.372,1787210640.624,130.25200009346008,259,24350.0,24334.05,0,0,0.0,19.4,37.1,4,3,0,1,True,True,1787210637.125,1787210575.371,1787210528.87,FORMING > CLEARING > ACCEPTED,24330.0,False,10,SHORT_P10,2026-08-20 12:51:50.371,2026-08-20 12:54:00.624,2026-08-20 12:53:57.125,2026-08-20 12:52:55.371,2026-08-20 12:52:08.869
SHORT_14,SHORT,24330.0,1787210641.123,1787211299.625,658.5020000934601,1310,24334.55,24331.25,16,1196,6.647058823529412,92.7,75.4,0,0,0,1,True,True,1787211280.622,1787210653.122,1787210642.872,FORMING > CLEARING > ACCEPTED,24325.0,True,10,SHORT_P10,2026-08-20 12:54:01.122,2026-08-20 13:04:59.625,2026-08-20 13:04:40.621,2026-08-20 12:54:13.121,2026-08-20 12:54:02.871
