session,side,target,start_ts,end_ts,completion_ts,completion_type,n_ticks,max_reload,max_defense,regime_clear_count,regime_count,node_sequence,footprint,completion_spot,mfe_600,mae_600,censored,own_micro,opp_micro,micro_sep,opp_accepted,opp_entry_ready,opp_build,own_build,opp_failure,own_failure,opp_phase
20260820,LONG,24255.0,1787197775.829,1787198697.331,1787197896.08,ACCEPTED,1813,5,80,0,40,BUILDING > WATCH > BUILDING > WATCH > BUILDING > CLEARING > WATCH > BUILDING > WATCH > BUILDING > WATCH > CLEARING > WATCH > CLEARING > WATCH > CLEARING > WATCH > CLEARING > WATCH > CLEARING > WATCH > CLEARING > WATCH > CLEARING > WATCH > CLEARING > RELOAD > DEFENSE > CLEARING > RELOAD > DEFENSE > BUILDING > DEFENSE > WATCH > CLEARING > DEFENSE > WATCH > CLEARING > DEFENSE > WATCH > BUILDING > DEFENSE > CLEARING > DEFENSE > WATCH > CLEARING > DEFENSE > WATCH > CLEARING > DEFENSE > CLEARING > DEFENSE > WATCH > CLEARING > DEFENSE > WATCH > CLEARING > DEFENSE > WATCH > BUILDING > RELOAD > DEFENSE > WATCH > CLEARING > DEFENSE > WATCH > CLEARING > DEFENSE > WATCH > CLEARING > DEFENSE > CLEARING > DEFENSE > RELOAD > DEFENSE > CLEARING > DEFENSE > WATCH > BUILDING > DEFENSE > CLEARING > DEFENSE > WATCH > CLEARING > DEFENSE > WATCH > RELOAD > WATCH > CLEARING > DEFENSE > WATCH > CLEARING > DEFENSE > CLEARING > DEFENSE > CLEARING > DEFENSE > WATCH > CLEARING > DEFENSE > WATCH > CLEARING > DEFENSE > CLEARING > DEFENSE > WATCH > CLEARING > DEFENSE > CLEARING > DEFENSE > ACCEPTED,N4_REPEATED_RELOAD_DEFENSE,24261.05,0.7000000000007276,-15.849999999998545,False,0.21,-0.21,0.42,True,False,39.9,55.2,85.0,40.6,BUILDING
20260820,LONG,24265.0,1787198697.83,1787200843.838,1787198706.331,ACCEPTED,4238,4,14,0,3,BUILDING > RELOAD > DEFENSE > RELOAD > DEFENSE > RELOAD > DEFENSE > CLEARING > RELOAD > DEFENSE > CLEARING > DEFENSE > ACCEPTED,N4_REPEATED_RELOAD_DEFENSE,24268.45,4.950000000000728,-13.350000000002185,False,-0.08,0.08,0.16,True,False,47.4,40.7,85.0,42.1,WATCH
20260820,LONG,24270.0,1787201806.088,1787202871.841,1787201807.088,ACCEPTED,2126,0,0,0,1,BUILDING > CLEARING > ACCEPTED,N1_DIRECT,24274.2,1.5999999999985448,-11.75,False,0.21,-0.21,0.42,False,False,37.3,43.6,43.2,10.0,BUILDING
20260820,LONG,24275.0,1787200844.336,1787201122.336,1787200855.336,ACCEPTED,551,2,16,0,3,BUILDING > RELOAD > DEFENSE > BUILDING > DEFENSE > CLEARING > DEFENSE > RELOAD > DEFENSE > CLEARING > DEFENSE > ACCEPTED,N4_REPEATED_RELOAD_DEFENSE,24279.4,8.149999999997817,-6.650000000001455,False,-0.47,0.47,0.94,False,False,26.4,41.4,0.0,55.8,WATCH
20260820,SHORT,24250.0,1787197564.946,1787200853.335,1787197773.83,ACCEPTED,6490,12,307,0,38,WATCH > BUILDING > CLEARING > WATCH > CLEARING > WATCH > CLEARING > WATCH > BUILDING > WATCH > CLEARING > WATCH > CLEARING > WATCH > BUILDING > CLEARING > RELOAD > DEFENSE > CLEARING > RELOAD > DEFENSE > WATCH > CLEARING > DEFENSE > CLEARING > RELOAD > DEFENSE > WATCH > BUILDING > DEFENSE > CLEARING > DEFENSE > WATCH > CLEARING > DEFENSE > WATCH > CLEARING > DEFENSE > CLEARING > DEFENSE > CLEARING > RELOAD > DEFENSE > RELOAD > DEFENSE > CLEARING > DEFENSE > CLEARING > RELOAD > DEFENSE > CLEARING > RELOAD > DEFENSE > BUILDING > DEFENSE > CLEARING > DEFENSE > CLEARING > DEFENSE > CLEARING > DEFENSE > CLEARING > DEFENSE > CLEARING > RELOAD > DEFENSE > CLEARING > DEFENSE > CLEARING > DEFENSE > CLEARING > DEFENSE > CLEARING > DEFENSE > RELOAD > DEFENSE > CLEARING > DEFENSE > CLEARING > DEFENSE > CLEARING > RELOAD > DEFENSE > CLEARING > DEFENSE > CLEARING > RELOAD > DEFENSE > CLEARING > DEFENSE > CLEARING > DEFENSE > WATCH > BUILDING > DEFENSE > CLEARING > DEFENSE > CLEARING > DEFENSE > CLEARING > DEFENSE > RELOAD > DEFENSE > WATCH > CLEARING > DEFENSE > WATCH > CLEARING > DEFENSE > WATCH > CLEARING > DEFENSE > WATCH > CLEARING > DEFENSE > WATCH > CLEARING > DEFENSE > WATCH > CLEARING > DEFENSE > WATCH > CLEARING > DEFENSE > WATCH > CLEARING > DEFENSE > WATCH > CLEARING > DEFENSE > ACCEPTED,N4_REPEATED_RELOAD_DEFENSE,24248.45,5.600000000002183,-13.299999999999272,False,0.6,-0.6,1.2,False,False,35.4,64.8,34.3,39.3,WATCH
20260820,SHORT,24265.0,1787200853.837,1787202871.841,1787202436.84,ACCEPTED,4022,75,1923,0,845,WATCH > BUILDING > WATCH > BUILDING > WATCH > CLEARING > WATCH > CLEARING > WATCH > CLEARING > WATCH > BUILDING > WATCH > BUILDING > WATCH > BUILDING > RELOAD > DEFENSE > WATCH > RELOAD > WATCH > RELOAD > WATCH > CLEARING > DEFENSE > WATCH > BUILDING > DEFENSE > WATCH > BUILDING > DEFENSE > BUILDING > RELOAD > DEFENSE > WATCH > BUILDING > DEFENSE > WATCH > BUILDING > DEFENSE > BUILDING > DEFENSE > WATCH > BUILDING > DEFENSE > BUILDING > RELOAD > DEFENSE > WATCH > BUILDING > DEFENSE > WATCH > RELOAD > BUILDING > DEFENSE > WATCH > BUILDING > DEFENSE > WATCH > RELOAD > BUILDING > DEFENSE > WATCH > BUILDING > DEFENSE > WATCH > BUILDING > DEFENSE > WATCH > BUILDING > DEFENSE > WATCH > BUILDING > DEFENSE > WATCH > BUILDING > DEFENSE > WATCH > BUILDING > DEFENSE > WATCH > BUILDING > DEFENSE > WATCH > BUILDING > DEFENSE > WATCH > RELOAD > BUILDING > DEFENSE > WATCH > BUILDING > DEFENSE > WATCH > RELOAD > BUILDING > DEFENSE > WATCH > CLEARING > DEFENSE > WATCH > RELOAD > BUILDING > DEFENSE > WATCH > CLEARING > DEFENSE > RELOAD > DEFENSE > WATCH > BUILDING > DEFENSE > BUILDING > DEFENSE > WATCH > BUILDING > DEFENSE > WATCH > BUILDING > DEFENSE > WATCH > BUILDING > DEFENSE > WATCH > RELOAD > BUILDING > DEFENSE > WATCH > BUILDING > DEFENSE > WATCH > RELOAD > WATCH > CLEARING > DEFENSE > WATCH > CLEARING > DEFENSE > WATCH > BUILDING > DEFENSE > WATCH > CLEARING > DEFENSE > WATCH > RELOAD > WATCH > CLEARING > DEFENSE > WATCH > CLEARING > DEFENSE > WATCH > CLEARING > DEFENSE > WATCH > CLEARING > DEFENSE > WATCH > BUILDING > RELOAD > DEFENSE > WATCH > RELOAD > WATCH > BUILDING > DEFENSE > WATCH > CLEARING > DEFENSE > WATCH > CLEARING > DEFENSE > WATCH > RELOAD > WATCH > RELOAD > BUILDING > DEFENSE > BUILDING > RELOAD > DEFENSE > WATCH > BUILDING > DEFENSE > WATCH > BUILDING > DEFENSE > WATCH > BUILDING > DEFENSE > WATCH > BUILDING > DEFENSE > WATCH > CLEARING > DEFENSE > RELOAD > DEFENSE > WATCH > BUILDING > DEFENSE > BUILDING > DEFENSE > WATCH > CLEARING > DEFENSE > CLEARING > RELOAD > DEFENSE > BUILDING > DEFENSE > RELOAD > DEFENSE > BUILDING > DEFENSE > RELOAD > DEFENSE > BUILDING > DEFENSE > BUILDING > DEFENSE > BUILDING > DEFENSE > WATCH > BUILDING > DEFENSE > WATCH > BUILDING > DEFENSE > WATCH > BUILDING > DEFENSE > BUILDING > DEFENSE > BUILDING > DEFENSE > RELOAD > DEFENSE > BUILDING > DEFENSE > CLEARING > DEFENSE > CLEARING > RELOAD > DEFENSE > WATCH > CLEARING > DEFENSE > WATCH > CLEARING > DEFENSE > WATCH > CLEARING > DEFENSE > WATCH > CLEARING > DEFENSE > WATCH > CLEARING > DEFENSE > WATCH > RELOAD > CLEARING > DEFENSE > RELOAD > DEFENSE > CLEARING > DEFENSE > WATCH > BUILDING > DEFENSE > CLEARING > DEFENSE > RELOAD > DEFENSE > WATCH > BUILDING > DEFENSE > BUILDING > DEFENSE > BUILDING > RELOAD > DEFENSE > CLEARING > DEFENSE > CLEARING > RELOAD > DEFENSE > WATCH > BUILDING > DEFENSE > WATCH > BUILDING > DEFENSE > WATCH > BUILDING > DEFENSE > CLEARING > DEFENSE > WATCH > BUILDING > DEFENSE > WATCH > BUILDING > DEFENSE > WATCH > BUILDING > DEFENSE > BUILDING > RELOAD > DEFENSE > WATCH > RELOAD > BUILDING > DEFENSE > BUILDING > RELOAD > DEFENSE > CLEARING > DEFENSE > WATCH > BUILDING > DEFENSE > WATCH > CLEARING > DEFENSE > CLEARING > DEFENSE > WATCH > RELOAD > WATCH > CLEARING > DEFENSE > WATCH > CLEARING > DEFENSE > CLEARING > DEFENSE > WATCH > CLEARING > DEFENSE > WATCH > CLEARING > DEFENSE > CLEARING > DEFENSE > WATCH > RELOAD > CLEARING > DEFENSE > WATCH > BUILDING > DEFENSE > WATCH > BUILDING > DEFENSE > WATCH > CLEARING > DEFENSE > WATCH > RELOAD > WATCH > CLEARING > DEFENSE > WATCH > RELOAD > WATCH > CLEARING > DEFENSE > WATCH > CLEARING > DEFENSE > WATCH > CLEARING > DEFENSE > WATCH > BUILDING > RELOAD > DEFENSE > WATCH > CLEARING > DEFENSE > WATCH > CLEARING > DEFENSE > WATCH > CLEARING > DEFENSE > WATCH > CLEARING > DEFENSE > WATCH > CLEARING > DEFENSE > CLEARING > RELOAD > DEFENSE > CLEARING > RELOAD > DEFENSE > BUILDING > DEFENSE > CLEARING > DEFENSE > CLEARING > RELOAD > DEFENSE > WATCH > BUILDING > DEFENSE > WATCH > BUILDING > DEFENSE > CLEARING > DEFENSE > CLEARING > DEFENSE > CLEARING > RELOAD > DEFENSE > CLEARING > DEFENSE > WATCH > BUILDING > DEFENSE > WATCH > BUILDING > DEFENSE > WATCH > BUILDING > DEFENSE > WATCH > BUILDING > RELOAD > DEFENSE > WATCH > BUILDING > DEFENSE > BUILDING > DEFENSE > WATCH > BUILDING > DEFENSE > WATCH > BUILDING > DEFENSE > CLEARING > DEFENSE > CLEARING > DEFENSE > CLEARING > DEFENSE > RELOAD > DEFENSE > CLEARING > DEFENSE > CLEARING > DEFENSE > CLEARING > RELOAD > DEFENSE > WATCH > BUILDING > DEFENSE > WATCH > BUILDING > DEFENSE > WATCH > BUILDING > DEFENSE > BUILDING > DEFENSE > RELOAD > DEFENSE > WATCH > BUILDING > DEFENSE > WATCH > BUILDING > DEFENSE > WATCH > RELOAD > BUILDING > DEFENSE > WATCH > BUILDING > DEFENSE > BUILDING > RELOAD > DEFENSE > WATCH > BUILDING > DEFENSE > BUILDING > RELOAD > DEFENSE > WATCH > BUILDING > DEFENSE > WATCH > BUILDING > DEFENSE > BUILDING > DEFENSE > BUILDING > DEFENSE > WATCH > BUILDING > DEFENSE > WATCH > BUILDING > DEFENSE > BUILDING > DEFENSE > BUILDING > DEFENSE > BUILDING > RELOAD > DEFENSE > WATCH > BUILDING > DEFENSE > BUILDING > DEFENSE > BUILDING > DEFENSE > RELOAD > DEFENSE > BUILDING > DEFENSE > WATCH > BUILDING > DEFENSE > WATCH > BUILDING > DEFENSE > WATCH > BUILDING > DEFENSE > WATCH > BUILDING > DEFENSE > BUILDING > DEFENSE > BUILDING > DEFENSE > RELOAD > DEFENSE > BUILDING > DEFENSE > CLEARING > DEFENSE > CLEARING > RELOAD > DEFENSE > WATCH > BUILDING > DEFENSE > WATCH > BUILDING > DEFENSE > WATCH > BUILDING > DEFENSE > BUILDING > DEFENSE > WATCH > BUILDING > DEFENSE > WATCH > CLEARING > DEFENSE > CLEARING > RELOAD > DEFENSE > WATCH > RELOAD > BUILDING > DEFENSE > BUILDING > DEFENSE > CLEARING > DEFENSE > CLEARING > DEFENSE > CLEARING > DEFENSE > WATCH > BUILDING > DEFENSE > CLEARING > DEFENSE > CLEARING > DEFENSE > CLEARING > DEFENSE > CLEARING > DEFENSE > CLEARING > DEFENSE > CLEARING > DEFENSE > WATCH > BUILDING > DEFENSE > CLEARING > DEFENSE > CLEARING > DEFENSE > CLEARING > DEFENSE > CLEARING > DEFENSE > CLEARING > DEFENSE > CLEARING > RELOAD > DEFENSE > WATCH > BUILDING > DEFENSE > BUILDING > DEFENSE > CLEARING > DEFENSE > CLEARING > RELOAD > DEFENSE > WATCH > BUILDING > DEFENSE > BUILDING > DEFENSE > WATCH > BUILDING > DEFENSE > WATCH > BUILDING > DEFENSE > BUILDING > DEFENSE > BUILDING > DEFENSE > WATCH > BUILDING > DEFENSE > CLEARING > DEFENSE > BUILDING > DEFENSE > RELOAD > DEFENSE > CLEARING > DEFENSE > CLEARING > DEFENSE > CLEARING > RELOAD > DEFENSE > BUILDING > DEFENSE > BUILDING > RELOAD > DEFENSE > CLEARING > DEFENSE > CLEARING > RELOAD > DEFENSE > CLEARING > DEFENSE > RELOAD > DEFENSE > CLEARING > DEFENSE > CLEARING > DEFENSE > CLEARING > RELOAD > DEFENSE > WATCH > BUILDING > DEFENSE > BUILDING > DEFENSE > BUILDING > DEFENSE > CLEARING > DEFENSE > CLEARING > DEFENSE > BUILDING > DEFENSE > RELOAD > DEFENSE > CLEARING > DEFENSE > CLEARING > DEFENSE > CLEARING > DEFENSE > CLEARING > RELOAD > DEFENSE > BUILDING > DEFENSE > CLEARING > DEFENSE > CLEARING > RELOAD > DEFENSE > RELOAD > DEFENSE > BUILDING > DEFENSE > RELOAD > DEFENSE > WATCH > BUILDING > DEFENSE > WATCH > BUILDING > DEFENSE > BUILDING > DEFENSE > CLEARING > DEFENSE > CLEARING > DEFENSE > CLEARING > DEFENSE > CLEARING > DEFENSE > CLEARING > DEFENSE > RELOAD > DEFENSE > CLEARING > DEFENSE > CLEARING > DEFENSE > BUILDING > DEFENSE > CLEARING > DEFENSE > CLEARING > DEFENSE > CLEARING > RELOAD > DEFENSE > CLEARING > DEFENSE > RELOAD > DEFENSE > CLEARING > DEFENSE > CLEARING > DEFENSE > CLEARING > DEFENSE > RELOAD > DEFENSE > CLEARING > DEFENSE > CLEARING > DEFENSE > RELOAD > DEFENSE > CLEARING > DEFENSE > CLEARING > DEFENSE > CLEARING > DEFENSE > CLEARING > DEFENSE > CLEARING > DEFENSE > CLEARING > DEFENSE > CLEARING > DEFENSE > CLEARING > DEFENSE > CLEARING > DEFENSE > CLEARING > DEFENSE > CLEARING > DEFENSE > CLEARING > DEFENSE > CLEARING > DEFENSE > CLEARING > RELOAD > DEFENSE > CLEARING > DEFENSE > CLEARING > DEFENSE > CLEARING > DEFENSE > CLEARING > DEFENSE > CLEARING > DEFENSE > CLEARING > DEFENSE > CLEARING > DEFENSE > CLEARING > RELOAD > DEFENSE > CLEARING > DEFENSE > ACCEPTED,N4_REPEATED_RELOAD_DEFENSE,24259.9,1.7000000000007276,-15.44999999999709,True,-0.31,0.31,0.62,True,False,48.3,47.4,85.0,50.5,BUILDING
20260821,LONG,24285.0,1787284350.738,1787286267.495,1787285545.744,ACCEPTED,3791,37,1336,0,681,BUILDING > WATCH > BUILDING > RELOAD > DEFENSE > BUILDING > DEFENSE > CLEARING > DEFENSE > CLEARING > DEFENSE > CLEARING > DEFENSE > CLEARING > DEFENSE > CLEARING > DEFENSE > CLEARING > DEFENSE > CLEARING > RELOAD > DEFENSE > CLEARING > DEFENSE > CLEARING > DEFENSE > CLEARING > DEFENSE > BUILDING > DEFENSE > RELOAD > DEFENSE > BUILDING > DEFENSE > BUILDING > DEFENSE > BUILDING > DEFENSE > BUILDING > DEFENSE > WATCH > BUILDING > DEFENSE > WATCH > BUILDING > DEFENSE > BUILDING > DEFENSE > WATCH > BUILDING > DEFENSE > BUILDING > DEFENSE > WATCH > BUILDING > DEFENSE > BUILDING > DEFENSE > WATCH > BUILDING > DEFENSE > BUILDING > DEFENSE > BUILDING > DEFENSE > BUILDING > DEFENSE > BUILDING > DEFENSE > CLEARING > DEFENSE > RELOAD > DEFENSE > CLEARING > DEFENSE > CLEARING > DEFENSE > CLEARING > RELOAD > DEFENSE > CLEARING > DEFENSE > CLEARING > DEFENSE > RELOAD > DEFENSE > WATCH > BUILDING > DEFENSE > WATCH > BUILDING > DEFENSE > CLEARING > DEFENSE > CLEARING > DEFENSE > WATCH > CLEARING > DEFENSE > CLEARING > RELOAD > DEFENSE > WATCH > CLEARING > DEFENSE > WATCH > CLEARING > DEFENSE > WATCH > CLEARING > DEFENSE > WATCH > BUILDING > DEFENSE > WATCH > BUILDING > DEFENSE > WATCH > CLEARING > DEFENSE > WATCH > CLEARING > DEFENSE > WATCH > BUILDING > DEFENSE > CLEARING > DEFENSE > CLEARING > DEFENSE > WATCH > CLEARING > DEFENSE > WATCH > CLEARING > DEFENSE > WATCH > CLEARING > DEFENSE > WATCH > CLEARING > DEFENSE > WATCH > CLEARING > DEFENSE > CLEARING > DEFENSE > CLEARING > DEFENSE > WATCH > BUILDING > DEFENSE > CLEARING > DEFENSE > CLEARING > DEFENSE > CLEARING > RELOAD > DEFENSE > CLEARING > RELOAD > DEFENSE > CLEARING > DEFENSE > RELOAD > DEFENSE > CLEARING > DEFENSE > CLEARING > RELOAD > DEFENSE > RELOAD > DEFENSE > CLEARING > DEFENSE > CLEARING > RELOAD > DEFENSE > BUILDING > DEFENSE > BUILDING > RELOAD > DEFENSE > CLEARING > DEFENSE > RELOAD > DEFENSE > CLEARING > RELOAD > DEFENSE > RELOAD > DEFENSE > CLEARING > DEFENSE > RELOAD > DEFENSE > CLEARING > DEFENSE > CLEARING > RELOAD > DEFENSE > CLEARING > RELOAD > DEFENSE > CLEARING > RELOAD > DEFENSE > CLEARING > RELOAD > DEFENSE > RELOAD > DEFENSE > CLEARING > RELOAD > DEFENSE > CLEARING > DEFENSE > CLEARING > RELOAD > DEFENSE > CLEARING > RELOAD > DEFENSE > CLEARING > DEFENSE > CLEARING > DEFENSE > CLEARING > DEFENSE > CLEARING > DEFENSE > CLEARING > RELOAD > DEFENSE > WATCH > BUILDING > DEFENSE > WATCH > BUILDING > DEFENSE > WATCH > BUILDING > DEFENSE > CLEARING > DEFENSE > WATCH > BUILDING > DEFENSE > CLEARING > DEFENSE > CLEARING > DEFENSE > CLEARING > DEFENSE > WATCH > BUILDING > DEFENSE > CLEARING > DEFENSE > WATCH > CLEARING > DEFENSE > WATCH > CLEARING > DEFENSE > WATCH > CLEARING > DEFENSE > WATCH > CLEARING > DEFENSE > WATCH > CLEARING > DEFENSE > WATCH > CLEARING > DEFENSE > CLEARING > DEFENSE > CLEARING > RELOAD > DEFENSE > CLEARING > DEFENSE > CLEARING > DEFENSE > CLEARING > DEFENSE > BUILDING > DEFENSE > RELOAD > DEFENSE > CLEARING > DEFENSE > CLEARING > DEFENSE > CLEARING > DEFENSE > CLEARING > DEFENSE > CLEARING > DEFENSE > WATCH > CLEARING > DEFENSE > WATCH > CLEARING > DEFENSE > WATCH > CLEARING > DEFENSE > WATCH > CLEARING > DEFENSE > WATCH > CLEARING > DEFENSE > WATCH > RELOAD > WATCH > RELOAD > WATCH > CLEARING > DEFENSE > WATCH > RELOAD > WATCH > RELOAD > WATCH > RELOAD > WATCH > RELOAD > WATCH > RELOAD > CLEARING > DEFENSE > WATCH > CLEARING > DEFENSE > WATCH > CLEARING > DEFENSE > WATCH > CLEARING > DEFENSE > WATCH > CLEARING > DEFENSE > WATCH > CLEARING > DEFENSE > WATCH > CLEARING > DEFENSE > WATCH > CLEARING > DEFENSE > WATCH > CLEARING > DEFENSE > WATCH > CLEARING > DEFENSE > WATCH > CLEARING > DEFENSE > WATCH > CLEARING > DEFENSE > WATCH > CLEARING > DEFENSE > WATCH > CLEARING > DEFENSE > WATCH > CLEARING > DEFENSE > WATCH > CLEARING > DEFENSE > CLEARING > DEFENSE > CLEARING > DEFENSE > CLEARING > DEFENSE > CLEARING > DEFENSE > CLEARING > DEFENSE > CLEARING > DEFENSE > CLEARING > RELOAD > DEFENSE > CLEARING > DEFENSE > CLEARING > DEFENSE > CLEARING > DEFENSE > ACCEPTED,N4_REPEATED_RELOAD_DEFENSE,24288.65,7.099999999998545,-7.350000000002183,False,0.25,-0.25,0.5,False,False,51.6,56.3,63.0,39.7,WATCH
20260821,LONG,24290.0,1787286353.495,1787288333.496,1787286361.744,ACCEPTED,3940,0,0,0,1,BUILDING > CLEARING > ACCEPTED,N1_DIRECT,24293.75,5.25,-14.700000000000728,False,-0.02,0.02,0.04,True,False,63.4,42.3,85.0,10.5,CLEARING
20260821,LONG,24300.0,1787291440.507,1787292020.756,1787291450.006,ACCEPTED,1156,0,0,0,1,BUILDING > CLEARING > ACCEPTED,N1_DIRECT,24303.25,12.75,-3.450000000000728,False,-0.12,0.12,0.24,False,False,51.6,41.8,29.9,12.4,CLEARING
20260821,LONG,24300.0,1787292604.866,1787292924.324,1787292625.821,ACCEPTED,639,0,0,0,3,BUILDING > CLEARING > ACCEPTED,N1_DIRECT,24303.35,4.350000000002183,-8.599999999998545,False,0.4,-0.4,0.8,False,False,43.7,58.4,53.0,10.0,BUILDING
20260821,LONG,24300.0,1787292955.03,1787306980.8,1787292955.03,ACCEPTED,28403,30,519,0,1,CLEARING > RELOAD > DEFENSE,N4_REPEATED_RELOAD_DEFENSE,24298.6,12.350000000002185,-9.849999999998545,False,-0.07,0.07,0.14,False,False,48.0,37.5,35.1,85.0,BUILDING
20260821,LONG,24300.0,1787312998.734,1787313000.28,1787312998.734,ACCEPTED,2,206,10771,0,1,WATCH > RELOAD > DEFENSE,N4_REPEATED_RELOAD_DEFENSE,24283.65,0.0,0.0,False,0.02,-0.02,0.04,True,False,43.6,43.9,85.0,85.0,CLEARING
20260821,LONG,24300.0,1787316588.776,1787316589.644,1787316588.776,ACCEPTED,2,206,10771,0,1,WATCH > RELOAD > DEFENSE,N4_REPEATED_RELOAD_DEFENSE,24283.65,0.0,0.0,False,0.02,-0.02,0.04,True,False,43.6,43.9,85.0,85.0,CLEARING
20260821,LONG,24300.0,1787319265.445,1787319265.673,1787319265.445,ACCEPTED,2,206,10771,0,1,WATCH > RELOAD > DEFENSE,N4_REPEATED_RELOAD_DEFENSE,24283.65,0.0,0.0,True,0.02,-0.02,0.04,True,False,43.6,43.9,85.0,85.0,CLEARING
20260821,LONG,24305.0,1787288333.998,1787290539.004,1787288366.998,ACCEPTED,4397,1,22,0,5,BUILDING > CLEARING > RELOAD > DEFENSE > CLEARING > DEFENSE > CLEARING > DEFENSE > ACCEPTED,N4_REPEATED_RELOAD_DEFENSE,24308.75,0.5499999999992724,-12.950000000000728,False,0.21,-0.21,0.42,False,False,28.7,55.0,29.1,50.6,WATCH
20260821,LONG,24320.0,1787283881.743,1787284029.994,1787283889.24,ACCEPTED,294,0,0,0,2,BUILDING > CLEARING > ACCEPTED,N1_DIRECT,24323.4,1.9499999999970896,-51.85000000000218,False,0.06,-0.06,0.12,False,False,35.5,53.2,9.5,10.0,WATCH
20260821,SHORT,24260.0,1787285035.245,1787285446.492,1787285078.245,ACCEPTED,812,0,0,0,3,WATCH > BUILDING > CLEARING > ACCEPTED,N1_DIRECT,24254.7,0.0,-38.70000000000073,False,0.36,-0.36,0.72,False,False,40.5,58.4,23.3,10.0,WATCH
20260821,SHORT,24275.0,1787284996.993,1787285034.742,1787285002.991,ACCEPTED,74,0,0,0,1,BUILDING > CLEARING > ACCEPTED,N1_DIRECT,24270.2,15.5,-19.299999999999272,False,-0.09,0.09,0.18,False,False,59.2,41.0,47.4,11.7,WATCH
20260821,SHORT,24285.0,1787284222.738,1787284958.991,1787284240.341,ACCEPTED,1460,5,28,0,5,BUILDING > RELOAD > DEFENSE > BUILDING > DEFENSE > RELOAD > DEFENSE > CLEARING > DEFENSE > RELOAD > DEFENSE > CLEARING > DEFENSE > RELOAD > DEFENSE > CLEARING > DEFENSE > CLEARING > RELOAD > DEFENSE > ACCEPTED,N4_REPEATED_RELOAD_DEFENSE,24281.75,13.75,-3.700000000000728,False,0.01,-0.01,0.02,False,False,46.5,50.3,18.0,46.3,WATCH
20260821,SHORT,24285.0,1787294775.511,1787306980.8,1787294776.511,ACCEPTED,24293,0,0,0,1,BUILDING > CLEARING > ACCEPTED,N1_DIRECT,24281.2,0.4000000000014552,-15.75,False,-0.3,0.3,0.6,True,False,48.9,35.7,85.0,15.9,WATCH
20260821,SHORT,24285.0,1787312998.734,1787313000.28,1787312998.734,ACCEPTED,2,260,21588,0,1,CLEARING > RELOAD > DEFENSE,N4_REPEATED_RELOAD_DEFENSE,24283.65,0.0,0.0,False,-0.02,0.02,0.04,True,False,43.9,43.6,85.0,85.0,WATCH
20260821,SHORT,24285.0,1787316588.776,1787316589.644,1787316588.776,ACCEPTED,2,260,21590,0,1,CLEARING > RELOAD > DEFENSE,N4_REPEATED_RELOAD_DEFENSE,24283.65,0.0,0.0,False,-0.02,0.02,0.04,True,False,43.9,43.6,85.0,85.0,WATCH
20260821,SHORT,24285.0,1787319265.445,1787319265.673,1787319265.445,ACCEPTED,2,260,21592,0,1,CLEARING > RELOAD > DEFENSE,N4_REPEATED_RELOAD_DEFENSE,24283.65,0.0,0.0,True,-0.02,0.02,0.04,True,False,43.9,43.6,85.0,85.0,WATCH
20260821,SHORT,24290.0,1787286040.242,1787287073.995,1787286062.742,ACCEPTED,2054,1,1,0,3,BUILDING > CLEARING > RELOAD > DEFENSE > CLEARING > ACCEPTED,N3_SINGLE_RELOAD_DEFENSE,24287.9,4.0,-13.099999999998545,False,0.02,-0.02,0.04,True,True,50.0,45.3,42.4,26.7,ACCEPTED
20260821,SHORT,24290.0,1787287315.752,1787287900.745,1787287339.247,ACCEPTED,1163,0,0,0,1,BUILDING > CLEARING > ACCEPTED,N1_DIRECT,24285.85,9.0,-8.25,False,0.27,-0.27,0.54,True,False,58.6,54.1,85.0,10.0,CLEARING
20260821,SHORT,24295.0,1787292955.03,1787294775.011,1787293475.506,ACCEPTED,4110,113,4256,0,81,BUILDING > RELOAD > DEFENSE > CLEARING > DEFENSE > CLEARING > DEFENSE > CLEARING > DEFENSE > CLEARING > DEFENSE > CLEARING > DEFENSE > CLEARING > RELOAD > DEFENSE > CLEARING > DEFENSE > CLEARING > DEFENSE > RELOAD > DEFENSE > CLEARING > DEFENSE > CLEARING > DEFENSE > CLEARING > DEFENSE > RELOAD > DEFENSE > CLEARING > DEFENSE > CLEARING > DEFENSE > CLEARING > DEFENSE > CLEARING > DEFENSE > RELOAD > DEFENSE > CLEARING > DEFENSE > CLEARING > DEFENSE > RELOAD > DEFENSE > CLEARING > DEFENSE > CLEARING > DEFENSE > RELOAD > DEFENSE > CLEARING > DEFENSE > CLEARING > DEFENSE > CLEARING > DEFENSE > CLEARING > DEFENSE > RELOAD > DEFENSE > CLEARING > DEFENSE > CLEARING > DEFENSE > CLEARING > DEFENSE > RELOAD > DEFENSE > CLEARING > DEFENSE > CLEARING > DEFENSE > WATCH > BUILDING > DEFENSE > BUILDING > DEFENSE > RELOAD > DEFENSE > WATCH > BUILDING > DEFENSE > WATCH > BUILDING > DEFENSE > BUILDING > DEFENSE > WATCH > CLEARING > DEFENSE > RELOAD > DEFENSE > CLEARING > DEFENSE > RELOAD > DEFENSE > WATCH > BUILDING > DEFENSE > CLEARING > DEFENSE > WATCH > CLEARING > DEFENSE > CLEARING > DEFENSE > CLEARING > DEFENSE > CLEARING > DEFENSE > CLEARING > DEFENSE > RELOAD > DEFENSE > CLEARING > DEFENSE > WATCH > BUILDING > DEFENSE > CLEARING > DEFENSE > RELOAD > DEFENSE > CLEARING > DEFENSE > WATCH > BUILDING > DEFENSE > BUILDING > DEFENSE > BUILDING > RELOAD > DEFENSE > WATCH > BUILDING > DEFENSE > CLEARING > DEFENSE > CLEARING > DEFENSE > WATCH > BUILDING > DEFENSE > CLEARING > DEFENSE > CLEARING > DEFENSE > WATCH > CLEARING > DEFENSE > WATCH > CLEARING > DEFENSE > WATCH > CLEARING > DEFENSE > WATCH > CLEARING > DEFENSE > WATCH > CLEARING > DEFENSE > WATCH > CLEARING > DEFENSE > WATCH > CLEARING > DEFENSE > CLEARING > DEFENSE > WATCH > CLEARING > DEFENSE > WATCH > BUILDING > DEFENSE > WATCH > CLEARING > DEFENSE > CLEARING > DEFENSE > WATCH > CLEARING > DEFENSE > WATCH > CLEARING > DEFENSE > WATCH > CLEARING > DEFENSE > WATCH > CLEARING > DEFENSE > WATCH > CLEARING > DEFENSE > WATCH > CLEARING > DEFENSE > CLEARING > DEFENSE > WATCH > CLEARING > DEFENSE > WATCH > CLEARING > DEFENSE > WATCH > CLEARING > DEFENSE > WATCH > CLEARING > DEFENSE > WATCH > BUILDING > DEFENSE > CLEARING > DEFENSE > WATCH > BUILDING > DEFENSE > WATCH > RELOAD > BUILDING > DEFENSE > CLEARING > DEFENSE > CLEARING > DEFENSE > WATCH > BUILDING > DEFENSE > CLEARING > DEFENSE > CLEARING > DEFENSE > CLEARING > RELOAD > DEFENSE > CLEARING > DEFENSE > BUILDING > DEFENSE > CLEARING > DEFENSE > RELOAD > DEFENSE > CLEARING > RELOAD > DEFENSE > CLEARING > DEFENSE > CLEARING > DEFENSE > CLEARING > DEFENSE > CLEARING > DEFENSE > CLEARING > DEFENSE > RELOAD > DEFENSE > CLEARING > DEFENSE > CLEARING > DEFENSE > CLEARING > DEFENSE > WATCH > CLEARING > DEFENSE > WATCH > CLEARING > DEFENSE > CLEARING > DEFENSE > CLEARING > DEFENSE > CLEARING > DEFENSE > CLEARING > DEFENSE > CLEARING > DEFENSE > CLEARING > DEFENSE > ACCEPTED,N4_REPEATED_RELOAD_DEFENSE,24292.25,4.650000000001455,-5.549999999999272,False,0.03,-0.03,0.06,True,False,46.7,50.9,85.0,46.2,BUILDING
20260821,SHORT,24315.0,1787283890.238,1787284222.24,1787283923.989,ACCEPTED,651,5,57,0,7,BUILDING > CLEARING > RELOAD > DEFENSE > BUILDING > DEFENSE > BUILDING > DEFENSE > RELOAD > DEFENSE > CLEARING > DEFENSE > CLEARING > DEFENSE > CLEARING > RELOAD > DEFENSE > BUILDING > DEFENSE > CLEARING > DEFENSE > CLEARING > DEFENSE > RELOAD > DEFENSE > BUILDING > DEFENSE > CLEARING > DEFENSE > RELOAD > DEFENSE > ACCEPTED,N4_REPEATED_RELOAD_DEFENSE,24309.7,38.150000000001455,-9.75,False,-0.33,0.33,0.66,True,False,41.6,52.8,85.0,57.0,BUILDING
20260824,LONG,24200.0,1787561653.45,1787562048.449,1787561916.451,ACCEPTED,783,10,482,0,37,BUILDING > RELOAD > DEFENSE > BUILDING > DEFENSE > RELOAD > DEFENSE > CLEARING > DEFENSE > CLEARING > DEFENSE > CLEARING > DEFENSE > CLEARING > DEFENSE > WATCH > BUILDING > DEFENSE > WATCH > BUILDING > DEFENSE > CLEARING > DEFENSE > RELOAD > DEFENSE > CLEARING > DEFENSE > RELOAD > DEFENSE > CLEARING > RELOAD > DEFENSE > CLEARING > DEFENSE > CLEARING > RELOAD > DEFENSE > WATCH > BUILDING > DEFENSE > CLEARING > DEFENSE > CLEARING > DEFENSE > CLEARING > DEFENSE > RELOAD > DEFENSE > CLEARING > DEFENSE > CLEARING > DEFENSE > CLEARING > RELOAD > DEFENSE > BUILDING > DEFENSE > CLEARING > DEFENSE > CLEARING > DEFENSE > CLEARING > DEFENSE > CLEARING > DEFENSE > WATCH > CLEARING > DEFENSE > CLEARING > DEFENSE > CLEARING > DEFENSE > CLEARING > DEFENSE > CLEARING > DEFENSE > CLEARING > DEFENSE > CLEARING > DEFENSE > CLEARING > DEFENSE > RELOAD > DEFENSE > CLEARING > DEFENSE > CLEARING > RELOAD > DEFENSE > WATCH > CLEARING > DEFENSE > WATCH > CLEARING > DEFENSE > CLEARING > DEFENSE > CLEARING > DEFENSE > CLEARING > DEFENSE > CLEARING > DEFENSE > CLEARING > DEFENSE > ACCEPTED,N4_REPEATED_RELOAD_DEFENSE,24203.6,16.5,-5.599999999998545,False,0.25,-0.25,0.5,True,False,52.0,56.2,85.0,41.2,WATCH
20260824,LONG,24205.0,1787551350.419,1787552212.42,1787551820.92,ACCEPTED,1712,85,747,0,120,BUILDING > RELOAD > DEFENSE > BUILDING > DEFENSE > RELOAD > DEFENSE > CLEARING > DEFENSE > CLEARING > DEFENSE > RELOAD > DEFENSE > CLEARING > DEFENSE > RELOAD > DEFENSE > CLEARING > DEFENSE > RELOAD > DEFENSE > WATCH > RELOAD > BUILDING > DEFENSE > CLEARING > DEFENSE > WATCH > BUILDING > CLEARING > WATCH > BUILDING > CLEARING > BUILDING > CLEARING > RELOAD > CLEARING > BUILDING > RELOAD > DEFENSE > BUILDING > DEFENSE > RELOAD > DEFENSE > BUILDING > RELOAD > DEFENSE > CLEARING > DEFENSE > RELOAD > DEFENSE > CLEARING > RELOAD > DEFENSE > CLEARING > DEFENSE > RELOAD > DEFENSE > WATCH > BUILDING > DEFENSE > CLEARING > DEFENSE > RELOAD > DEFENSE > BUILDING > DEFENSE > CLEARING > DEFENSE > RELOAD > DEFENSE > BUILDING > DEFENSE > BUILDING > RELOAD > DEFENSE > CLEARING > DEFENSE > CLEARING > RELOAD > DEFENSE > WATCH > RELOAD > CLEARING > DEFENSE > CLEARING > RELOAD > DEFENSE > CLEARING > RELOAD > DEFENSE > CLEARING > RELOAD > DEFENSE > WATCH > BUILDING > DEFENSE > BUILDING > DEFENSE > RELOAD > DEFENSE > CLEARING > DEFENSE > CLEARING > RELOAD > DEFENSE > RELOAD > DEFENSE > WATCH > BUILDING > DEFENSE > CLEARING > DEFENSE > RELOAD > DEFENSE > CLEARING > RELOAD > DEFENSE > RELOAD > DEFENSE > CLEARING > DEFENSE > RELOAD > DEFENSE > WATCH > BUILDING > DEFENSE > CLEARING > DEFENSE > RELOAD > DEFENSE > CLEARING > DEFENSE > WATCH > RELOAD > BUILDING > RELOAD > DEFENSE > CLEARING > DEFENSE > WATCH > RELOAD > CLEARING > DEFENSE > CLEARING > DEFENSE > RELOAD > DEFENSE > CLEARING > DEFENSE > RELOAD > DEFENSE > CLEARING > DEFENSE > RELOAD > DEFENSE > CLEARING > RELOAD > DEFENSE > WATCH > CLEARING > DEFENSE > CLEARING > RELOAD > DEFENSE > CLEARING > RELOAD > DEFENSE > WATCH > RELOAD > CLEARING > DEFENSE > CLEARING > RELOAD > DEFENSE > RELOAD > DEFENSE > WATCH > CLEARING > DEFENSE > WATCH > RELOAD > BUILDING > DEFENSE > CLEARING > DEFENSE > WATCH > RELOAD > CLEARING > DEFENSE > RELOAD > DEFENSE > WATCH > CLEARING > DEFENSE > WATCH > RELOAD > CLEARING > DEFENSE > RELOAD > DEFENSE > CLEARING > DEFENSE > CLEARING > RELOAD > DEFENSE > RELOAD > DEFENSE > CLEARING > DEFENSE > RELOAD > DEFENSE > RELOAD > DEFENSE > CLEARING > DEFENSE > WATCH > BUILDING > RELOAD > DEFENSE > CLEARING > DEFENSE > WATCH > CLEARING > DEFENSE > CLEARING > DEFENSE > CLEARING > RELOAD > DEFENSE > RELOAD > DEFENSE > CLEARING > RELOAD > DEFENSE > CLEARING > RELOAD > DEFENSE > WATCH > BUILDING > DEFENSE > WATCH > CLEARING > DEFENSE > WATCH > CLEARING > DEFENSE > WATCH > CLEARING > DEFENSE > RELOAD > DEFENSE > WATCH > RELOAD > BUILDING > RELOAD > DEFENSE > WATCH > BUILDING > DEFENSE > WATCH > CLEARING > DEFENSE > WATCH > RELOAD > BUILDING > RELOAD > DEFENSE > WATCH > BUILDING > DEFENSE > WATCH > RELOAD > BUILDING > DEFENSE > CLEARING > DEFENSE > WATCH > CLEARING > DEFENSE > WATCH > RELOAD > BUILDING > DEFENSE > WATCH > RELOAD > WATCH > RELOAD > CLEARING > DEFENSE > WATCH > RELOAD > WATCH > RELOAD > BUILDING > DEFENSE > WATCH > RELOAD > BUILDING > RELOAD > DEFENSE > WATCH > RELOAD > BUILDING > DEFENSE > BUILDING > DEFENSE > WATCH > RELOAD > BUILDING > DEFENSE > WATCH > RELOAD > WATCH > RELOAD > BUILDING > DEFENSE > BUILDING > DEFENSE > WATCH > BUILDING > DEFENSE > CLEARING > DEFENSE > CLEARING > RELOAD > DEFENSE > BUILDING > DEFENSE > RELOAD > DEFENSE > CLEARING > DEFENSE > RELOAD > DEFENSE > CLEARING > RELOAD > DEFENSE > CLEARING > RELOAD > DEFENSE > WATCH > BUILDING > DEFENSE > CLEARING > DEFENSE > CLEARING > RELOAD > DEFENSE > WATCH > RELOAD > BUILDING > RELOAD > DEFENSE > WATCH > BUILDING > DEFENSE > CLEARING > DEFENSE > RELOAD > DEFENSE > CLEARING > DEFENSE > CLEARING > DEFENSE > CLEARING > DEFENSE > CLEARING > DEFENSE > CLEARING > DEFENSE > CLEARING > DEFENSE > CLEARING > DEFENSE > WATCH > CLEARING > DEFENSE > CLEARING > DEFENSE > CLEARING > DEFENSE > CLEARING > DEFENSE > CLEARING > DEFENSE > CLEARING > DEFENSE > CLEARING > DEFENSE > CLEARING > DEFENSE > CLEARING > DEFENSE > CLEARING > DEFENSE > CLEARING > DEFENSE > CLEARING > DEFENSE > CLEARING > DEFENSE > RELOAD > DEFENSE > BUILDING > DEFENSE > BUILDING > RELOAD > DEFENSE > CLEARING > DEFENSE > RELOAD > DEFENSE > CLEARING > DEFENSE > CLEARING > RELOAD > DEFENSE > BUILDING > DEFENSE > CLEARING > DEFENSE > CLEARING > DEFENSE > CLEARING > DEFENSE > CLEARING > DEFENSE > CLEARING > DEFENSE > CLEARING > DEFENSE > CLEARING > DEFENSE > CLEARING > DEFENSE > CLEARING > DEFENSE > CLEARING > DEFENSE > CLEARING > DEFENSE > CLEARING > DEFENSE > CLEARING > DEFENSE > CLEARING > DEFENSE > CLEARING > DEFENSE > CLEARING > DEFENSE > CLEARING > DEFENSE > ACCEPTED,N4_REPEATED_RELOAD_DEFENSE,24208.9,13.25,-6.700000000000728,False,-0.15,0.15,0.3,False,False,43.0,48.7,31.2,50.2,WATCH
20260824,LONG,24215.0,1787552212.919,1787561652.953,1787552244.418,ACCEPTED,18760,5,58,0,4,BUILDING > RELOAD > DEFENSE > BUILDING > DEFENSE > CLEARING > DEFENSE > RELOAD > DEFENSE > BUILDING > DEFENSE > RELOAD > DEFENSE > RELOAD > DEFENSE > CLEARING > DEFENSE > RELOAD > DEFENSE > ACCEPTED,N4_REPEATED_RELOAD_DEFENSE,24218.2,3.950000000000728,-13.25,False,0.47,-0.47,0.94,True,False,33.0,67.1,85.0,58.0,BUILDING
20260824,LONG,24215.0,1787562048.951,1787566061.211,1787562075.195,ACCEPTED,7956,3,47,0,3,BUILDING > RELOAD > DEFENSE > CLEARING > DEFENSE > RELOAD > DEFENSE > CLEARING > DEFENSE > RELOAD > DEFENSE > CLEARING > DEFENSE > EXTENDING,N4_REPEATED_RELOAD_DEFENSE,24217.5,2.599999999998545,-12.450000000000728,False,0.23,-0.23,0.46,True,False,35.1,56.0,85.0,52.2,WATCH
20260824,LONG,24215.0,1787566093.838,1787566178.954,1787566093.838,ACCEPTED,172,159,7489,0,1,WATCH > RELOAD > DEFENSE,N4_REPEATED_RELOAD_DEFENSE,24204.1,0.0,-12.19999999999709,True,-0.3,0.3,0.6,True,False,51.0,43.2,85.0,85.0,CLEARING
20260824,LONG,24280.0,1787549381.409,1787549629.909,1787549425.661,ACCEPTED,488,1,83,0,3,BUILDING > RELOAD > DEFENSE > BUILDING > DEFENSE > CLEARING > DEFENSE > CLEARING > DEFENSE > ACCEPTED,N4_REPEATED_RELOAD_DEFENSE,24284.0,6.299999999999272,-41.59999999999855,False,0.42,-0.42,0.84,True,True,49.9,60.3,18.4,44.1,CLEARING
20260824,LONG,24340.0,1787543324.061,1787544731.15,1787543420.15,ACCEPTED,2793,9,183,0,22,BUILDING > RELOAD > DEFENSE > WATCH > BUILDING > RELOAD > DEFENSE > CLEARING > DEFENSE > CLEARING > DEFENSE > WATCH > BUILDING > DEFENSE > CLEARING > DEFENSE > CLEARING > DEFENSE > RELOAD > DEFENSE > WATCH > CLEARING > DEFENSE > CLEARING > DEFENSE > CLEARING > DEFENSE > RELOAD > DEFENSE > CLEARING > DEFENSE > WATCH > BUILDING > RELOAD > DEFENSE > CLEARING > DEFENSE > RELOAD > DEFENSE > CLEARING > DEFENSE > CLEARING > DEFENSE > RELOAD > DEFENSE > CLEARING > RELOAD > DEFENSE > CLEARING > DEFENSE > RELOAD > DEFENSE > CLEARING > DEFENSE > CLEARING > DEFENSE > CLEARING > DEFENSE > CLEARING > DEFENSE > CLEARING > DEFENSE > CLEARING > DEFENSE > CLEARING > DEFENSE > CLEARING > DEFENSE > CLEARING > DEFENSE > ACCEPTED,N4_REPEATED_RELOAD_DEFENSE,24343.3,3.950000000000728,-20.700000000000728,False,-0.51,0.51,1.02,False,False,55.9,45.5,39.6,54.7,WATCH
20260824,SHORT,24185.0,1787556916.93,1787557743.933,1787556959.931,ACCEPTED,1636,8,80,0,13,BUILDING > RELOAD > DEFENSE > BUILDING > DEFENSE > RELOAD > DEFENSE > CLEARING > DEFENSE > CLEARING > RELOAD > DEFENSE > BUILDING > DEFENSE > CLEARING > DEFENSE > CLEARING > DEFENSE > RELOAD > DEFENSE > CLEARING > DEFENSE > RELOAD > DEFENSE > CLEARING > DEFENSE > CLEARING > DEFENSE > CLEARING > RELOAD > DEFENSE > CLEARING > DEFENSE > CLEARING > RELOAD > DEFENSE > CLEARING > DEFENSE > CLEARING > DEFENSE > CLEARING > RELOAD > DEFENSE > ACCEPTED,N4_REPEATED_RELOAD_DEFENSE,24181.7,5.450000000000728,-10.5,False,-0.49,0.49,0.98,True,False,46.4,49.6,85.0,57.0,WATCH
20260824,SHORT,24190.0,1787558632.434,1787561927.45,1787558809.185,ACCEPTED,6537,26,343,0,35,BUILDING > RELOAD > DEFENSE > BUILDING > RELOAD > DEFENSE > CLEARING > DEFENSE > CLEARING > RELOAD > DEFENSE > RELOAD > DEFENSE > CLEARING > DEFENSE > BUILDING > DEFENSE > RELOAD > DEFENSE > RELOAD > DEFENSE > CLEARING > DEFENSE > CLEARING > DEFENSE > RELOAD > DEFENSE > CLEARING > DEFENSE > CLEARING > DEFENSE > RELOAD > DEFENSE > RELOAD > DEFENSE > CLEARING > RELOAD > DEFENSE > RELOAD > DEFENSE > CLEARING > DEFENSE > RELOAD > DEFENSE > CLEARING > DEFENSE > RELOAD > DEFENSE > CLEARING > DEFENSE > CLEARING > RELOAD > DEFENSE > CLEARING > DEFENSE > CLEARING > DEFENSE > CLEARING > DEFENSE > CLEARING > DEFENSE > CLEARING > DEFENSE > CLEARING > DEFENSE > CLEARING > RELOAD > DEFENSE > CLEARING > RELOAD > DEFENSE > CLEARING > DEFENSE > RELOAD > DEFENSE > RELOAD > DEFENSE > CLEARING > DEFENSE > RELOAD > DEFENSE > CLEARING > DEFENSE > RELOAD > DEFENSE > CLEARING > DEFENSE > RELOAD > DEFENSE > RELOAD > DEFENSE > CLEARING > DEFENSE > CLEARING > DEFENSE > RELOAD > DEFENSE > CLEARING > DEFENSE > CLEARING > DEFENSE > RELOAD > DEFENSE > CLEARING > DEFENSE > RELOAD > DEFENSE > BUILDING > DEFENSE > CLEARING > DEFENSE > CLEARING > RELOAD > DEFENSE > CLEARING > DEFENSE > ACCEPTED,N4_REPEATED_RELOAD_DEFENSE,24186.8,1.0499999999992724,-15.150000000001455,False,-0.23,0.23,0.46,True,False,43.7,48.1,85.0,51.0,WATCH
20260824,SHORT,24195.0,1787556807.93,1787556916.43,1787556812.43,ACCEPTED,218,1,3,0,2,BUILDING > RELOAD > DEFENSE > CLEARING > ACCEPTED,N4_REPEATED_RELOAD_DEFENSE,24192.8,16.549999999999272,-7.900000000001455,False,-0.25,0.25,0.5,True,False,43.7,44.9,85.0,57.3,WATCH
20260824,SHORT,24200.0,1787557744.437,1787558631.934,1787557748.433,ACCEPTED,1767,0,0,0,1,BUILDING > CLEARING > ACCEPTED,N1_DIRECT,24194.5,2.2999999999992724,-12.700000000000728,False,-0.36,0.36,0.72,True,False,40.9,39.8,85.0,17.2,WATCH
20260824,SHORT,24205.0,1787551259.667,1787551555.917,1787551266.67,ACCEPTED,590,0,0,0,3,BUILDING > CLEARING > ACCEPTED,N1_DIRECT,24203.35,9.399999999997815,-7.650000000001455,False,-0.61,0.61,1.22,False,False,48.8,30.1,5.8,22.2,WATCH
20260824,SHORT,24205.0,1787555391.176,1787556807.431,1787555597.43,ACCEPTED,2822,37,402,0,50,BUILDING > RELOAD > DEFENSE > CLEARING > DEFENSE > RELOAD > DEFENSE > CLEARING > DEFENSE > RELOAD > DEFENSE > CLEARING > DEFENSE > RELOAD > DEFENSE > CLEARING > DEFENSE > RELOAD > DEFENSE > CLEARING > DEFENSE > BUILDING > DEFENSE > CLEARING > DEFENSE > RELOAD > DEFENSE > CLEARING > DEFENSE > WATCH > CLEARING > DEFENSE > RELOAD > DEFENSE > CLEARING > DEFENSE > BUILDING > DEFENSE > CLEARING > DEFENSE > RELOAD > DEFENSE > CLEARING > DEFENSE > RELOAD > DEFENSE > CLEARING > DEFENSE > BUILDING > DEFENSE > RELOAD > DEFENSE > BUILDING > DEFENSE > CLEARING > DEFENSE > RELOAD > DEFENSE > CLEARING > DEFENSE > RELOAD > DEFENSE > CLEARING > DEFENSE > BUILDING > DEFENSE > BUILDING > RELOAD > DEFENSE > CLEARING > DEFENSE > RELOAD > DEFENSE > CLEARING > DEFENSE > BUILDING > DEFENSE > RELOAD > DEFENSE > BUILDING > DEFENSE > CLEARING > DEFENSE > RELOAD > DEFENSE > CLEARING > DEFENSE > BUILDING > DEFENSE > RELOAD > DEFENSE > CLEARING > DEFENSE > RELOAD > DEFENSE > CLEARING > DEFENSE > CLEARING > DEFENSE > CLEARING > DEFENSE > BUILDING > DEFENSE > RELOAD > DEFENSE > BUILDING > DEFENSE > CLEARING > DEFENSE > CLEARING > DEFENSE > CLEARING > RELOAD > DEFENSE > RELOAD > DEFENSE > CLEARING > DEFENSE > CLEARING > DEFENSE > RELOAD > DEFENSE > WATCH > BUILDING > DEFENSE > WATCH > CLEARING > DEFENSE > CLEARING > DEFENSE > CLEARING > RELOAD > DEFENSE > CLEARING > DEFENSE > RELOAD > DEFENSE > CLEARING > DEFENSE > RELOAD > DEFENSE > CLEARING > DEFENSE > RELOAD > DEFENSE > CLEARING > DEFENSE > CLEARING > DEFENSE > RELOAD > DEFENSE > CLEARING > DEFENSE > RELOAD > DEFENSE > CLEARING > DEFENSE > WATCH > BUILDING > DEFENSE > RELOAD > DEFENSE > BUILDING > DEFENSE > RELOAD > DEFENSE > CLEARING > DEFENSE > CLEARING > RELOAD > DEFENSE > BUILDING > DEFENSE > RELOAD > DEFENSE > CLEARING > DEFENSE > RELOAD > DEFENSE > CLEARING > DEFENSE > CLEARING > RELOAD > DEFENSE > CLEARING > DEFENSE > CLEARING > RELOAD > DEFENSE > RELOAD > DEFENSE > CLEARING > DEFENSE > CLEARING > DEFENSE > CLEARING > RELOAD > DEFENSE > CLEARING > DEFENSE > CLEARING > DEFENSE > CLEARING > DEFENSE > ACCEPTED,N4_REPEATED_RELOAD_DEFENSE,24204.0,2.150000000001455,-9.950000000000728,False,-0.52,0.52,1.04,True,False,48.8,39.2,85.0,49.2,WATCH
20260824,SHORT,24205.0,1787561927.95,1787566061.211,1787561936.943,ACCEPTED,8195,0,0,0,1,BUILDING > CLEARING > ACCEPTED,N1_DIRECT,24201.4,3.400000000001455,-18.69999999999709,False,0.21,-0.21,0.42,True,True,48.2,49.9,45.2,10.0,CLEARING
20260824,SHORT,24205.0,1787566093.838,1787566178.954,1787566093.838,ACCEPTED,172,86,7423,0,1,CLEARING > RELOAD > DEFENSE,N4_REPEATED_RELOAD_DEFENSE,24204.1,12.19999999999709,0.0,True,0.3,-0.3,0.6,True,False,43.2,51.0,85.0,85.0,WATCH
20260824,SHORT,24215.0,1787552158.668,1787555390.677,1787552170.669,ACCEPTED,6432,0,0,0,1,BUILDING > CLEARING > ACCEPTED,N1_DIRECT,24210.05,2.0,-12.100000000002185,False,-0.12,0.12,0.24,True,False,53.0,42.7,85.0,12.4,ACCEPTED
20260824,SHORT,24220.0,1787550829.666,1787551259.166,1787551236.168,ACCEPTED,852,14,684,0,48,BUILDING > CLEARING > WATCH > BUILDING > CLEARING > RELOAD > DEFENSE > CLEARING > DEFENSE > WATCH > BUILDING > DEFENSE > BUILDING > DEFENSE > WATCH > BUILDING > DEFENSE > CLEARING > DEFENSE > WATCH > BUILDING > DEFENSE > BUILDING > DEFENSE > CLEARING > DEFENSE > WATCH > CLEARING > DEFENSE > CLEARING > DEFENSE > CLEARING > DEFENSE > CLEARING > DEFENSE > CLEARING > DEFENSE > CLEARING > DEFENSE > RELOAD > DEFENSE > CLEARING > DEFENSE > CLEARING > DEFENSE > CLEARING > DEFENSE > CLEARING > DEFENSE > RELOAD > DEFENSE > CLEARING > DEFENSE > CLEARING > DEFENSE > RELOAD > DEFENSE > CLEARING > DEFENSE > CLEARING > DEFENSE > CLEARING > DEFENSE > CLEARING > DEFENSE > RELOAD > DEFENSE > CLEARING > RELOAD > DEFENSE > CLEARING > DEFENSE > CLEARING > DEFENSE > BUILDING > DEFENSE > CLEARING > DEFENSE > CLEARING > RELOAD > DEFENSE > CLEARING > DEFENSE > RELOAD > DEFENSE > CLEARING > DEFENSE > CLEARING > RELOAD > DEFENSE > BUILDING > DEFENSE > RELOAD > DEFENSE > CLEARING > DEFENSE > CLEARING > RELOAD > DEFENSE > CLEARING > DEFENSE > CLEARING > DEFENSE > CLEARING > DEFENSE > CLEARING > DEFENSE > CLEARING > DEFENSE > CLEARING > RELOAD > DEFENSE > CLEARING > DEFENSE > CLEARING > DEFENSE > CLEARING > DEFENSE > WATCH > BUILDING > DEFENSE > BUILDING > DEFENSE > CLEARING > DEFENSE > CLEARING > RELOAD > DEFENSE > CLEARING > DEFENSE > RELOAD > DEFENSE > CLEARING > DEFENSE > ACCEPTED,N4_REPEATED_RELOAD_DEFENSE,24214.6,20.649999999997817,-3.3000000000029104,False,-0.18,0.18,0.36,False,False,43.0,48.5,7.4,44.2,WATCH
20260824,SHORT,24230.0,1787550216.912,1787550829.168,1787550754.659,ACCEPTED,1219,9,889,0,68,BUILDING > WATCH > BUILDING > CLEARING > RELOAD > DEFENSE > CLEARING > DEFENSE > CLEARING > DEFENSE > CLEARING > DEFENSE > CLEARING > DEFENSE > CLEARING > DEFENSE > CLEARING > DEFENSE > CLEARING > RELOAD > DEFENSE > CLEARING > DEFENSE > BUILDING > DEFENSE > BUILDING > RELOAD > DEFENSE > BUILDING > DEFENSE > WATCH > BUILDING > DEFENSE > BUILDING > DEFENSE > RELOAD > DEFENSE > BUILDING > DEFENSE > CLEARING > DEFENSE > CLEARING > DEFENSE > CLEARING > DEFENSE > WATCH > BUILDING > DEFENSE > WATCH > BUILDING > DEFENSE > BUILDING > DEFENSE > CLEARING > DEFENSE > CLEARING > DEFENSE > CLEARING > DEFENSE > CLEARING > DEFENSE > WATCH > CLEARING > DEFENSE > CLEARING > RELOAD > DEFENSE > CLEARING > DEFENSE > CLEARING > DEFENSE > CLEARING > RELOAD > DEFENSE > CLEARING > DEFENSE > CLEARING > DEFENSE > WATCH > BUILDING > DEFENSE > WATCH > BUILDING > DEFENSE > WATCH > CLEARING > DEFENSE > CLEARING > DEFENSE > WATCH > CLEARING > DEFENSE > CLEARING > DEFENSE > CLEARING > RELOAD > DEFENSE > CLEARING > DEFENSE > CLEARING > DEFENSE > WATCH > CLEARING > DEFENSE > CLEARING > DEFENSE > CLEARING > DEFENSE > WATCH > CLEARING > DEFENSE > CLEARING > DEFENSE > WATCH > BUILDING > DEFENSE > CLEARING > DEFENSE > CLEARING > DEFENSE > WATCH > BUILDING > DEFENSE > BUILDING > DEFENSE > BUILDING > DEFENSE > WATCH > BUILDING > DEFENSE > WATCH > BUILDING > DEFENSE > BUILDING > DEFENSE > BUILDING > DEFENSE > BUILDING > RELOAD > DEFENSE > WATCH > BUILDING > DEFENSE > WATCH > BUILDING > DEFENSE > WATCH > BUILDING > DEFENSE > WATCH > BUILDING > DEFENSE > BUILDING > DEFENSE > WATCH > BUILDING > DEFENSE > WATCH > BUILDING > DEFENSE > RELOAD > DEFENSE > WATCH > BUILDING > DEFENSE > WATCH > BUILDING > DEFENSE > WATCH > BUILDING > DEFENSE > WATCH > BUILDING > DEFENSE > WATCH > BUILDING > DEFENSE > WATCH > BUILDING > DEFENSE > WATCH > BUILDING > DEFENSE > WATCH > BUILDING > DEFENSE > WATCH > BUILDING > DEFENSE > WATCH > BUILDING > DEFENSE > WATCH > BUILDING > DEFENSE > WATCH > BUILDING > DEFENSE > WATCH > BUILDING > DEFENSE > WATCH > BUILDING > DEFENSE > CLEARING > DEFENSE > WATCH > BUILDING > DEFENSE > CLEARING > DEFENSE > CLEARING > DEFENSE > CLEARING > DEFENSE > WATCH > BUILDING > DEFENSE > WATCH > BUILDING > DEFENSE > CLEARING > DEFENSE > WATCH > BUILDING > DEFENSE > CLEARING > DEFENSE > CLEARING > DEFENSE > WATCH > CLEARING > DEFENSE > CLEARING > DEFENSE > CLEARING > DEFENSE > CLEARING > DEFENSE > WATCH > BUILDING > DEFENSE > CLEARING > DEFENSE > CLEARING > DEFENSE > WATCH > CLEARING > DEFENSE > CLEARING > DEFENSE > WATCH > CLEARING > DEFENSE > WATCH > BUILDING > DEFENSE > WATCH > BUILDING > DEFENSE > CLEARING > DEFENSE > CLEARING > DEFENSE > WATCH > CLEARING > DEFENSE > WATCH > CLEARING > DEFENSE > CLEARING > DEFENSE > WATCH > CLEARING > DEFENSE > WATCH > BUILDING > DEFENSE > CLEARING > DEFENSE > WATCH > CLEARING > DEFENSE > ACCEPTED,N4_REPEATED_RELOAD_DEFENSE,24226.35,27.19999999999709,-7.350000000002183,False,-0.21,0.21,0.42,False,False,50.4,48.2,21.3,45.9,WATCH
20260824,SHORT,24255.0,1787549606.159,1787550216.411,1787549614.164,ACCEPTED,1204,1,6,0,2,WATCH > BUILDING > RELOAD > DEFENSE > CLEARING > DEFENSE > ACCEPTED,N4_REPEATED_RELOAD_DEFENSE,24251.7,19.600000000002183,-8.649999999997817,False,-0.15,0.15,0.3,True,False,46.4,47.3,85.0,52.8,WATCH
20260824,SHORT,24270.0,1787549569.661,1787549605.665,1787549592.661,ACCEPTED,73,4,41,0,9,BUILDING > RELOAD > DEFENSE > BUILDING > DEFENSE > CLEARING > DEFENSE > RELOAD > DEFENSE > CLEARING > DEFENSE > RELOAD > DEFENSE > CLEARING > DEFENSE > CLEARING > DEFENSE > RELOAD > DEFENSE > BUILDING > DEFENSE > BUILDING > DEFENSE > CLEARING > DEFENSE > ACCEPTED,N4_REPEATED_RELOAD_DEFENSE,24266.3,33.099999999998545,-3.650000000001455,False,-0.55,0.55,1.1,True,False,51.6,36.0,85.0,45.9,WATCH
20260824,SHORT,24285.0,1787549369.414,1787549569.162,1787549373.408,ACCEPTED,395,0,0,0,1,BUILDING > CLEARING > ACCEPTED,N1_DIRECT,24279.95,36.650000000001455,-10.349999999998545,False,-0.33,0.33,0.66,False,False,34.4,42.1,10.0,16.5,WATCH
20260824,SHORT,24300.0,1787549182.159,1787549368.911,1787549314.91,ACCEPTED,371,0,0,0,16,BUILDING > CLEARING > ACCEPTED,N1_DIRECT,24297.65,54.35000000000218,-3.599999999998545,False,-0.62,0.62,1.24,False,False,52.9,44.0,14.4,22.4,WATCH
20260824,SHORT,24315.0,1787544091.903,1787545898.902,1787544709.649,ACCEPTED,3587,15,1144,0,69,WATCH > BUILDING > CLEARING > RELOAD > DEFENSE > CLEARING > DEFENSE > CLEARING > DEFENSE > CLEARING > DEFENSE > CLEARING > DEFENSE > BUILDING > DEFENSE > RELOAD > DEFENSE > BUILDING > DEFENSE > CLEARING > DEFENSE > CLEARING > DEFENSE > CLEARING > DEFENSE > CLEARING > DEFENSE > CLEARING > DEFENSE > CLEARING > RELOAD > DEFENSE > BUILDING > DEFENSE > CLEARING > DEFENSE > CLEARING > RELOAD > DEFENSE > CLEARING > DEFENSE > RELOAD > DEFENSE > CLEARING > DEFENSE > CLEARING > DEFENSE > CLEARING > DEFENSE > BUILDING > DEFENSE > BUILDING > RELOAD > DEFENSE > BUILDING > DEFENSE > CLEARING > DEFENSE > RELOAD > DEFENSE > CLEARING > DEFENSE > CLEARING > DEFENSE > CLEARING > DEFENSE > BUILDING > DEFENSE > WATCH > RELOAD > BUILDING > DEFENSE > CLEARING > DEFENSE > CLEARING > DEFENSE > CLEARING > DEFENSE > CLEARING > DEFENSE > CLEARING > DEFENSE > CLEARING > DEFENSE > CLEARING > DEFENSE > CLEARING > DEFENSE > CLEARING > DEFENSE > CLEARING > DEFENSE > CLEARING > RELOAD > DEFENSE > BUILDING > DEFENSE > RELOAD > DEFENSE > BUILDING > DEFENSE > CLEARING > DEFENSE > CLEARING > DEFENSE > CLEARING > DEFENSE > CLEARING > DEFENSE > RELOAD > DEFENSE > CLEARING > DEFENSE > CLEARING > DEFENSE > CLEARING > DEFENSE > CLEARING > DEFENSE > CLEARING > DEFENSE > CLEARING > DEFENSE > WATCH > BUILDING > DEFENSE > BUILDING > DEFENSE > BUILDING > DEFENSE > BUILDING > DEFENSE > BUILDING > DEFENSE > BUILDING > DEFENSE > CLEARING > DEFENSE > CLEARING > RELOAD > DEFENSE > CLEARING > DEFENSE > RELOAD > DEFENSE > CLEARING > DEFENSE > CLEARING > DEFENSE > CLEARING > DEFENSE > CLEARING > DEFENSE > RELOAD > DEFENSE > CLEARING > DEFENSE > CLEARING > DEFENSE > CLEARING > RELOAD > DEFENSE > CLEARING > DEFENSE > CLEARING > DEFENSE > CLEARING > DEFENSE > WATCH > BUILDING > DEFENSE > CLEARING > DEFENSE > CLEARING > DEFENSE > CLEARING > DEFENSE > CLEARING > DEFENSE > CLEARING > DEFENSE > ACCEPTED,N4_REPEATED_RELOAD_DEFENSE,24311.3,1.75,-11.799999999999272,False,0.04,-0.04,0.08,True,False,39.2,50.9,85.0,54.3,WATCH
20260824,SHORT,24315.0,1787546736.41,1787549181.662,1787546748.907,ACCEPTED,4859,0,0,0,1,BUILDING > CLEARING > ACCEPTED,N1_DIRECT,24311.4,3.100000000002183,-9.599999999998545,False,0.61,-0.61,1.22,False,False,43.3,58.6,60.7,10.0,WATCH
20260824,SHORT,24330.0,1787543324.061,1787544091.4,1787543944.647,ACCEPTED,1528,16,739,0,111,WATCH > BUILDING > WATCH > BUILDING > WATCH > BUILDING > WATCH > CLEARING > WATCH > BUILDING > WATCH > BUILDING > CLEARING > WATCH > BUILDING > WATCH > BUILDING > RELOAD > DEFENSE > BUILDING > DEFENSE > WATCH > BUILDING > DEFENSE > CLEARING > DEFENSE > WATCH > CLEARING > DEFENSE > CLEARING > DEFENSE > WATCH > CLEARING > DEFENSE > WATCH > BUILDING > DEFENSE > CLEARING > DEFENSE > CLEARING > DEFENSE > WATCH > CLEARING > DEFENSE > WATCH > CLEARING > DEFENSE > WATCH > CLEARING > DEFENSE > WATCH > BUILDING > DEFENSE > CLEARING > DEFENSE > CLEARING > DEFENSE > WATCH > CLEARING > DEFENSE > WATCH > CLEARING > DEFENSE > WATCH > CLEARING > DEFENSE > WATCH > CLEARING > DEFENSE > WATCH > CLEARING > DEFENSE > WATCH > CLEARING > DEFENSE > WATCH > CLEARING > DEFENSE > WATCH > CLEARING > DEFENSE > WATCH > BUILDING > DEFENSE > WATCH > CLEARING > DEFENSE > WATCH > CLEARING > DEFENSE > WATCH > CLEARING > DEFENSE > WATCH > CLEARING > DEFENSE > WATCH > CLEARING > DEFENSE > WATCH > CLEARING > DEFENSE > CLEARING > DEFENSE > CLEARING > DEFENSE > WATCH > CLEARING > DEFENSE > WATCH > CLEARING > DEFENSE > WATCH > CLEARING > DEFENSE > WATCH > BUILDING > DEFENSE > RELOAD > DEFENSE > WATCH > CLEARING > DEFENSE > WATCH > BUILDING > DEFENSE > CLEARING > DEFENSE > WATCH > RELOAD > WATCH > BUILDING > DEFENSE > BUILDING > DEFENSE > CLEARING > DEFENSE > CLEARING > RELOAD > DEFENSE > WATCH > CLEARING > DEFENSE > WATCH > BUILDING > DEFENSE > CLEARING > DEFENSE > RELOAD > DEFENSE > WATCH > BUILDING > DEFENSE > WATCH > BUILDING > DEFENSE > WATCH > BUILDING > DEFENSE > CLEARING > DEFENSE > CLEARING > DEFENSE > WATCH > CLEARING > DEFENSE > WATCH > BUILDING > DEFENSE > CLEARING > DEFENSE > CLEARING > DEFENSE > WATCH > BUILDING > DEFENSE > WATCH > CLEARING > DEFENSE > CLEARING > RELOAD > DEFENSE > WATCH > BUILDING > DEFENSE > WATCH > CLEARING > DEFENSE > WATCH > CLEARING > DEFENSE > WATCH > BUILDING > DEFENSE > CLEARING > DEFENSE > WATCH > CLEARING > DEFENSE > WATCH > CLEARING > DEFENSE > WATCH > CLEARING > DEFENSE > WATCH > BUILDING > DEFENSE > CLEARING > DEFENSE > WATCH > BUILDING > DEFENSE > CLEARING > DEFENSE > RELOAD > DEFENSE > CLEARING > DEFENSE > WATCH > CLEARING > DEFENSE > WATCH > BUILDING > DEFENSE > WATCH > BUILDING > DEFENSE > WATCH > BUILDING > DEFENSE > CLEARING > DEFENSE > WATCH > BUILDING > DEFENSE > CLEARING > DEFENSE > WATCH > CLEARING > DEFENSE > WATCH > CLEARING > DEFENSE > CLEARING > RELOAD > DEFENSE > WATCH > CLEARING > DEFENSE > WATCH > CLEARING > DEFENSE > WATCH > BUILDING > DEFENSE > CLEARING > DEFENSE > WATCH > BUILDING > DEFENSE > CLEARING > DEFENSE > WATCH > BUILDING > DEFENSE > WATCH > BUILDING > DEFENSE > CLEARING > DEFENSE > WATCH > CLEARING > DEFENSE > WATCH > CLEARING > DEFENSE > WATCH > CLEARING > DEFENSE > WATCH > CLEARING > DEFENSE > WATCH > BUILDING > DEFENSE > WATCH > RELOAD > WATCH > BUILDING > DEFENSE > CLEARING > DEFENSE > WATCH > CLEARING > DEFENSE > CLEARING > DEFENSE > WATCH > CLEARING > DEFENSE > WATCH > CLEARING > DEFENSE > WATCH > CLEARING > DEFENSE > WATCH > CLEARING > DEFENSE > CLEARING > DEFENSE > WATCH > CLEARING > DEFENSE > WATCH > CLEARING > DEFENSE > WATCH > BUILDING > DEFENSE > CLEARING > DEFENSE > WATCH > BUILDING > DEFENSE > BUILDING > RELOAD > DEFENSE > CLEARING > DEFENSE > CLEARING > DEFENSE > CLEARING > RELOAD > DEFENSE > WATCH > CLEARING > DEFENSE > WATCH > CLEARING > DEFENSE > WATCH > BUILDING > DEFENSE > CLEARING > DEFENSE > WATCH > BUILDING > DEFENSE > WATCH > CLEARING > DEFENSE > WATCH > CLEARING > DEFENSE > WATCH > BUILDING > DEFENSE > CLEARING > DEFENSE > WATCH > RELOAD > BUILDING > DEFENSE > WATCH > CLEARING > DEFENSE > CLEARING > DEFENSE > WATCH > CLEARING > DEFENSE > WATCH > CLEARING > DEFENSE > WATCH > CLEARING > DEFENSE > WATCH > CLEARING > DEFENSE > WATCH > RELOAD > BUILDING > DEFENSE > CLEARING > DEFENSE > WATCH > BUILDING > DEFENSE > WATCH > BUILDING > DEFENSE > CLEARING > DEFENSE > WATCH > BUILDING > DEFENSE > WATCH > CLEARING > DEFENSE > WATCH > BUILDING > DEFENSE > WATCH > BUILDING > DEFENSE > CLEARING > DEFENSE > WATCH > CLEARING > DEFENSE > WATCH > CLEARING > DEFENSE > WATCH > BUILDING > DEFENSE > WATCH > CLEARING > DEFENSE > WATCH > CLEARING > DEFENSE > WATCH > RELOAD > WATCH > CLEARING > DEFENSE > CLEARING > DEFENSE > CLEARING > DEFENSE > WATCH > RELOAD > BUILDING > DEFENSE > CLEARING > DEFENSE > CLEARING > DEFENSE > WATCH > CLEARING > DEFENSE > CLEARING > DEFENSE > CLEARING > DEFENSE > CLEARING > DEFENSE > CLEARING > DEFENSE > CLEARING > DEFENSE > BUILDING > DEFENSE > RELOAD > DEFENSE > CLEARING > DEFENSE > CLEARING > DEFENSE > CLEARING > DEFENSE > CLEARING > DEFENSE > CLEARING > DEFENSE > CLEARING > DEFENSE > CLEARING > DEFENSE > CLEARING > DEFENSE > ACCEPTED,N4_REPEATED_RELOAD_DEFENSE,24328.75,16.150000000001455,-7.700000000000728,False,-0.19,0.19,0.38,True,False,51.3,33.7,85.0,43.5,WATCH
